{
  "project_info": {
    "project_number": "1019426879163",
    "firebase_url": "https://navigation-59409.firebaseio.com",
    "project_id": "navigation-59409",
    "storage_bucket": "navigation-59409.appspot.com"
  },
  "client": [
    {
      "client_info": {
        "mobilesdk_app_id": "1:1019426879163:android:da79a7b8eef02bd0",
        "android_client_info": {
          "package_name": "com.example.navigation"
        }
      },
      "oauth_client": [
        {
          "client_id": "1019426879163-2gu8rl44mpms5jaeocuk4cjmnnefh197.apps.googleusercontent.com",
          "client_type": 1,
          "android_info": {
            "package_name": "com.example.navigation",
            "certificate_hash": "51bb46f2bc42ee316c6b07c1b8dff7a6de0c104d"
          }
        },
        {
          "client_id": "1019426879163-8ibf8obc7fb3hdjiod02via8utj4ekv0.apps.googleusercontent.com",
          "client_type": 3
        }
      ],
      "api_key": [
        {
          "current_key": "AIzaSyA5h4Pe7xCaoHc34M3BeydwJrDJ_ftS7EY"
        }
      ],
      "services": {
        "appinvite_service": {
          "other_platform_oauth_client": [
            {
              "client_id": "1019426879163-8ibf8obc7fb3hdjiod02via8utj4ekv0.apps.googleusercontent.com",
              "client_type": 3
            }
          ]
        }
      }
    }
  ],
  "configuration_version": "1"
}