{
  "project_info": {
    "project_number": "308297323914",
    "firebase_url": "https://ohno-4fdcd.firebaseio.com",
    "project_id": "ohno-4fdcd",
    "storage_bucket": "ohno-4fdcd.appspot.com"
  },
  "client": [
    {
      "client_info": {
        "mobilesdk_app_id": "1:308297323914:android:6611707d38153909",
        "android_client_info": {
          "package_name": "com.example.ohno"
        }
      },
      "oauth_client": [
        {
          "client_id": "308297323914-o8djmtavf0449ltogj3fflrpfpfpd2df.apps.googleusercontent.com",
          "client_type": 1,
          "android_info": {
            "package_name": "com.example.ohno",
            "certificate_hash": "51bb46f2bc42ee316c6b07c1b8dff7a6de0c104d"
          }
        },
        {
          "client_id": "308297323914-232jj50aagg9dp5atggs6qbrlok86745.apps.googleusercontent.com",
          "client_type": 3
        }
      ],
      "api_key": [
        {
          "current_key": "AIzaSyChL-q2azhwqMP4yTyPe42bB0VDSk6mQ4E"
        }
      ],
      "services": {
        "analytics_service": {
          "status": 1
        },
        "appinvite_service": {
          "status": 2,
          "other_platform_oauth_client": [
            {
              "client_id": "308297323914-232jj50aagg9dp5atggs6qbrlok86745.apps.googleusercontent.com",
              "client_type": 3
            }
          ]
        },
        "ads_service": {
          "status": 2
        }
      }
    }
  ],
  "configuration_version": "1"
}